time, occupancy 
Thu Apr 20 13:04:16 2023, 0
Thu Apr 20 13:04:17 2023, 0
Thu Apr 20 13:04:19 2023, 0
Thu Apr 20 13:04:20 2023, 0
Thu Apr 20 13:04:20 2023, 0
Thu Apr 20 13:04:20 2023, 0
Thu Apr 20 13:04:20 2023, 0
Thu Apr 20 13:04:20 2023, 0
Thu Apr 20 13:04:20 2023, 0
Thu Apr 20 13:04:20 2023, 0
Thu Apr 20 13:04:20 2023, 0
Thu Apr 20 13:04:20 2023, 0
Thu Apr 20 13:04:20 2023, 0
Thu Apr 20 13:04:20 2023, 0
Thu Apr 20 13:04:20 2023, 0
Thu Apr 20 13:04:20 2023, 0
Thu Apr 20 13:04:20 2023, 0
Thu Apr 20 13:04:21 2023, 0
Thu Apr 20 13:04:21 2023, 0
Thu Apr 20 13:04:21 2023, 0
Thu Apr 20 13:04:21 2023, 0
Thu Apr 20 13:04:21 2023, 0
Thu Apr 20 13:04:21 2023, 0
Thu Apr 20 13:04:21 2023, 0
Thu Apr 20 13:04:21 2023, 0
Thu Apr 20 13:04:21 2023, 0
Thu Apr 20 13:04:21 2023, 0
Thu Apr 20 13:04:21 2023, 0
Thu Apr 20 13:04:21 2023, 0
Thu Apr 20 13:04:21 2023, 0
Thu Apr 20 13:04:21 2023, 0
Thu Apr 20 13:04:21 2023, 0
Thu Apr 20 13:04:21 2023, 0
Thu Apr 20 13:04:22 2023, 0
Thu Apr 20 13:04:22 2023, 0
Thu Apr 20 13:04:22 2023, 0
Thu Apr 20 13:04:22 2023, 0
Thu Apr 20 13:04:22 2023, 0
Thu Apr 20 13:04:22 2023, 0
Thu Apr 20 13:04:22 2023, 0
Thu Apr 20 13:04:22 2023, 0
Thu Apr 20 13:04:22 2023, 0
Thu Apr 20 13:04:22 2023, 0
Thu Apr 20 13:04:22 2023, 0
Thu Apr 20 13:04:22 2023, 0
Thu Apr 20 13:04:22 2023, 0
Thu Apr 20 13:04:22 2023, 0
Thu Apr 20 13:04:22 2023, 0
Thu Apr 20 13:04:22 2023, 0
Thu Apr 20 13:04:23 2023, 0
Thu Apr 20 13:04:23 2023, 0
Thu Apr 20 13:04:23 2023, 0
Thu Apr 20 13:04:23 2023, 0
Thu Apr 20 13:04:23 2023, 0
Thu Apr 20 13:04:23 2023, 0
Thu Apr 20 13:04:23 2023, 0
Thu Apr 20 13:04:23 2023, 0
Thu Apr 20 13:04:23 2023, 0
Thu Apr 20 13:04:23 2023, 0
Thu Apr 20 13:04:23 2023, 0
Thu Apr 20 13:04:23 2023, 0
Thu Apr 20 13:04:23 2023, 0
Thu Apr 20 13:04:23 2023, 0
Thu Apr 20 13:04:23 2023, 0
Thu Apr 20 13:04:24 2023, 0
Thu Apr 20 13:04:24 2023, 0
Thu Apr 20 13:04:24 2023, 0
Thu Apr 20 13:04:24 2023, 0
Thu Apr 20 13:04:24 2023, 0
Thu Apr 20 13:04:24 2023, 0
Thu Apr 20 13:04:24 2023, 0
Thu Apr 20 13:04:24 2023, 0
Thu Apr 20 13:04:24 2023, 0
Thu Apr 20 13:04:24 2023, 0
Thu Apr 20 13:04:24 2023, 0
Thu Apr 20 13:04:24 2023, 0
Thu Apr 20 13:04:24 2023, 0
Thu Apr 20 13:04:24 2023, 0
Thu Apr 20 13:04:24 2023, 0
Thu Apr 20 13:04:24 2023, 0
Thu Apr 20 13:04:25 2023, 0
Thu Apr 20 13:04:25 2023, 0
Thu Apr 20 13:04:25 2023, 0
Thu Apr 20 13:04:25 2023, 0
Thu Apr 20 13:04:25 2023, 0
Thu Apr 20 13:04:25 2023, 0
Thu Apr 20 13:04:25 2023, 0
Thu Apr 20 13:04:25 2023, 0
Thu Apr 20 13:04:25 2023, 0
Thu Apr 20 13:04:25 2023, 0
Thu Apr 20 13:04:25 2023, 0
Thu Apr 20 13:04:25 2023, 0
Thu Apr 20 13:04:25 2023, 0
Thu Apr 20 13:04:25 2023, 0
Thu Apr 20 13:04:25 2023, 0
Thu Apr 20 13:04:26 2023, 0
Thu Apr 20 13:04:26 2023, 0
Thu Apr 20 13:04:26 2023, 0
Thu Apr 20 13:04:26 2023, 0
Thu Apr 20 13:04:26 2023, 0
Thu Apr 20 13:04:26 2023, 0
Thu Apr 20 13:04:26 2023, 0
Thu Apr 20 13:04:26 2023, 0
Thu Apr 20 13:04:26 2023, 0
Thu Apr 20 13:04:26 2023, 0
Thu Apr 20 13:04:26 2023, 0
Thu Apr 20 13:04:26 2023, 0
Thu Apr 20 13:04:26 2023, 0
Thu Apr 20 13:04:26 2023, 0
Thu Apr 20 13:04:26 2023, 0
Thu Apr 20 13:04:27 2023, 0
Thu Apr 20 13:04:27 2023, 0
Thu Apr 20 13:04:27 2023, 0
Thu Apr 20 13:04:27 2023, 0
Thu Apr 20 13:04:27 2023, 0
Thu Apr 20 13:04:27 2023, 0
Thu Apr 20 13:04:27 2023, 0
Thu Apr 20 13:04:27 2023, 0
Thu Apr 20 13:04:27 2023, 0
Thu Apr 20 13:04:27 2023, 0
Thu Apr 20 13:04:27 2023, 0
Thu Apr 20 13:04:27 2023, 0
Thu Apr 20 13:04:27 2023, 0
Thu Apr 20 13:04:27 2023, 0
Thu Apr 20 13:04:27 2023, 0
Thu Apr 20 13:04:27 2023, 0
Thu Apr 20 13:04:28 2023, 0
Thu Apr 20 13:04:28 2023, 0
Thu Apr 20 13:04:28 2023, 0
Thu Apr 20 13:04:28 2023, 0
Thu Apr 20 13:04:28 2023, 0
Thu Apr 20 13:04:28 2023, 0
Thu Apr 20 13:04:28 2023, 0
Thu Apr 20 13:04:28 2023, 0
Thu Apr 20 13:04:28 2023, 0
Thu Apr 20 13:04:28 2023, 0
Thu Apr 20 13:04:28 2023, 0
Thu Apr 20 13:04:28 2023, 0
Thu Apr 20 13:04:28 2023, 0
Thu Apr 20 13:04:28 2023, 0
Thu Apr 20 13:04:28 2023, 0
Thu Apr 20 13:04:29 2023, 0
Thu Apr 20 13:04:29 2023, 0
Thu Apr 20 13:04:29 2023, 0
Thu Apr 20 13:04:29 2023, 0
Thu Apr 20 13:04:29 2023, 0
Thu Apr 20 13:04:29 2023, 0
Thu Apr 20 13:04:29 2023, 0
Thu Apr 20 13:04:29 2023, 0
Thu Apr 20 13:04:29 2023, 0
Thu Apr 20 13:04:29 2023, 0
Thu Apr 20 13:04:29 2023, 0
Thu Apr 20 13:04:29 2023, 0
Thu Apr 20 13:04:29 2023, 0
Thu Apr 20 13:04:29 2023, 0
Thu Apr 20 13:04:29 2023, 0
Thu Apr 20 13:04:30 2023, 0
Thu Apr 20 13:04:30 2023, 0
Thu Apr 20 13:04:30 2023, 0
Thu Apr 20 13:04:30 2023, 0
Thu Apr 20 13:04:30 2023, 0
Thu Apr 20 13:04:30 2023, 0
Thu Apr 20 13:04:30 2023, 0
Thu Apr 20 13:04:30 2023, 0
Thu Apr 20 13:04:30 2023, 0
Thu Apr 20 13:04:30 2023, 0
Thu Apr 20 13:04:30 2023, 0
Thu Apr 20 13:04:30 2023, 0
Thu Apr 20 13:04:30 2023, 0
Thu Apr 20 13:04:30 2023, 0
Thu Apr 20 13:04:30 2023, 0
Thu Apr 20 13:04:31 2023, 0
Thu Apr 20 13:04:31 2023, 0
Thu Apr 20 13:04:31 2023, 0
Thu Apr 20 13:04:31 2023, 0
Thu Apr 20 13:04:31 2023, 0
Thu Apr 20 13:04:31 2023, 0
Thu Apr 20 13:04:31 2023, 0
Thu Apr 20 13:04:31 2023, 0
Thu Apr 20 13:04:31 2023, 0
Thu Apr 20 13:04:31 2023, 0
Thu Apr 20 13:04:31 2023, 0
Thu Apr 20 13:04:31 2023, 0
Thu Apr 20 13:04:31 2023, 0
Thu Apr 20 13:04:31 2023, 0
Thu Apr 20 13:04:31 2023, 0
Thu Apr 20 13:04:31 2023, 0
Thu Apr 20 13:04:32 2023, 0
Thu Apr 20 13:04:32 2023, 0
Thu Apr 20 13:04:32 2023, 0
Thu Apr 20 13:04:32 2023, 0
Thu Apr 20 13:04:32 2023, 0
Thu Apr 20 13:04:32 2023, 0
Thu Apr 20 13:04:32 2023, 0
Thu Apr 20 13:04:32 2023, 0
Thu Apr 20 13:04:32 2023, 0
Thu Apr 20 13:04:32 2023, 0
Thu Apr 20 13:04:32 2023, 0
Thu Apr 20 13:04:32 2023, 0
Thu Apr 20 13:04:32 2023, 0
Thu Apr 20 13:04:32 2023, 0
Thu Apr 20 13:04:32 2023, 0
Thu Apr 20 13:04:33 2023, 0
Thu Apr 20 13:04:33 2023, 0
Thu Apr 20 13:04:33 2023, 0
Thu Apr 20 13:04:33 2023, 0
Thu Apr 20 13:04:33 2023, 0
Thu Apr 20 13:04:33 2023, 0
Thu Apr 20 13:04:33 2023, 0
Thu Apr 20 13:04:33 2023, 0
Thu Apr 20 13:04:33 2023, 0
Thu Apr 20 13:04:33 2023, 0
Thu Apr 20 13:04:33 2023, 0
Thu Apr 20 13:04:33 2023, 0
Thu Apr 20 13:04:33 2023, 0
Thu Apr 20 13:04:33 2023, 0
Thu Apr 20 13:04:33 2023, 0
Thu Apr 20 13:04:34 2023, 0
Thu Apr 20 13:04:34 2023, 0
Thu Apr 20 13:04:34 2023, 0
Thu Apr 20 13:04:34 2023, 0
Thu Apr 20 13:04:34 2023, 0
Thu Apr 20 13:04:34 2023, 0
Thu Apr 20 13:04:34 2023, 0
Thu Apr 20 13:04:34 2023, 0
Thu Apr 20 13:04:34 2023, 0
Thu Apr 20 13:04:34 2023, 0
Thu Apr 20 13:04:34 2023, 0
Thu Apr 20 13:04:34 2023, 0
Thu Apr 20 13:04:34 2023, 0
Thu Apr 20 13:04:34 2023, 0
Thu Apr 20 13:04:34 2023, 0
Thu Apr 20 13:04:34 2023, 0
Thu Apr 20 13:04:35 2023, 0
Thu Apr 20 13:04:35 2023, 0
Thu Apr 20 13:04:35 2023, 0
Thu Apr 20 13:04:35 2023, 0
Thu Apr 20 13:04:35 2023, 0
Thu Apr 20 13:04:35 2023, 0
Thu Apr 20 13:04:35 2023, 0
Thu Apr 20 13:04:35 2023, 0
Thu Apr 20 13:04:35 2023, 0
Thu Apr 20 13:04:35 2023, 0
Thu Apr 20 13:04:35 2023, 0
Thu Apr 20 13:04:35 2023, 0
Thu Apr 20 13:04:35 2023, 0
Thu Apr 20 13:04:35 2023, 0
Thu Apr 20 13:04:35 2023, 0
Thu Apr 20 13:04:35 2023, 0
Thu Apr 20 13:04:36 2023, 0
Thu Apr 20 13:04:36 2023, 0
Thu Apr 20 13:04:36 2023, 0
Thu Apr 20 13:04:36 2023, 0
Thu Apr 20 13:04:36 2023, 0
Thu Apr 20 13:04:36 2023, 0
Thu Apr 20 13:04:36 2023, 0
Thu Apr 20 13:04:36 2023, 0
Thu Apr 20 13:04:36 2023, 0
Thu Apr 20 13:04:36 2023, 0
Thu Apr 20 13:04:36 2023, 0
Thu Apr 20 13:04:36 2023, 0
Thu Apr 20 13:04:36 2023, 0
Thu Apr 20 13:04:36 2023, 0
Thu Apr 20 13:04:36 2023, 0
Thu Apr 20 13:04:37 2023, 0
Thu Apr 20 13:04:37 2023, 0
Thu Apr 20 13:04:37 2023, 0
Thu Apr 20 13:04:37 2023, 0
Thu Apr 20 13:04:37 2023, 0
Thu Apr 20 13:04:37 2023, 0
Thu Apr 20 13:04:37 2023, 0
Thu Apr 20 13:04:37 2023, 0
Thu Apr 20 13:04:37 2023, 0
Thu Apr 20 13:04:37 2023, 0
Thu Apr 20 13:04:37 2023, 0
Thu Apr 20 13:04:37 2023, 0
Thu Apr 20 13:04:37 2023, 0
Thu Apr 20 13:04:37 2023, 0
Thu Apr 20 13:04:37 2023, 0
Thu Apr 20 13:04:38 2023, 0
Thu Apr 20 13:04:38 2023, 0
Thu Apr 20 13:04:38 2023, 0
Thu Apr 20 13:04:38 2023, 0
Thu Apr 20 13:04:38 2023, 0
Thu Apr 20 13:04:38 2023, 0
Thu Apr 20 13:04:38 2023, 0
Thu Apr 20 13:04:38 2023, 0
Thu Apr 20 13:04:38 2023, 0
Thu Apr 20 13:04:38 2023, 0
Thu Apr 20 13:04:38 2023, 0
Thu Apr 20 13:04:38 2023, 0
Thu Apr 20 13:04:39 2023, 0
Thu Apr 20 13:04:39 2023, 0
Thu Apr 20 13:04:39 2023, 0
Thu Apr 20 13:04:39 2023, 0
Thu Apr 20 13:04:39 2023, 0
Thu Apr 20 13:04:39 2023, 0
Thu Apr 20 13:04:39 2023, 0
Thu Apr 20 13:04:39 2023, 0
Thu Apr 20 13:04:39 2023, 0
Thu Apr 20 13:04:39 2023, 0
Thu Apr 20 13:04:39 2023, 0
Thu Apr 20 13:04:39 2023, 1
Thu Apr 20 13:04:39 2023, 1
Thu Apr 20 13:04:39 2023, 2
Thu Apr 20 13:04:40 2023, 2
Thu Apr 20 13:04:40 2023, 2
Thu Apr 20 13:04:40 2023, 2
Thu Apr 20 13:04:40 2023, 2
Thu Apr 20 13:04:40 2023, 2
Thu Apr 20 13:04:40 2023, 2
Thu Apr 20 13:04:40 2023, 2
Thu Apr 20 13:04:40 2023, 2
Thu Apr 20 13:04:40 2023, 2
Thu Apr 20 13:04:40 2023, 2
Thu Apr 20 13:04:41 2023, 2
Thu Apr 20 13:04:41 2023, 3
Thu Apr 20 13:04:41 2023, 3
Thu Apr 20 13:04:41 2023, 2
Thu Apr 20 13:04:41 2023, 2
Thu Apr 20 13:04:41 2023, 2
Thu Apr 20 13:04:41 2023, 3
Thu Apr 20 13:04:41 2023, 2
Thu Apr 20 13:04:41 2023, 2
Thu Apr 20 13:04:41 2023, 2
Thu Apr 20 13:04:41 2023, 2
Thu Apr 20 13:04:41 2023, 2
Thu Apr 20 13:04:41 2023, 2
Thu Apr 20 13:04:42 2023, 2
Thu Apr 20 13:04:42 2023, 2
Thu Apr 20 13:04:42 2023, 2
Thu Apr 20 13:04:42 2023, 2
Thu Apr 20 13:04:42 2023, 2
Thu Apr 20 13:04:42 2023, 2
Thu Apr 20 13:04:42 2023, 2
Thu Apr 20 13:04:42 2023, 2
Thu Apr 20 13:04:42 2023, 2
Thu Apr 20 13:04:42 2023, 2
Thu Apr 20 13:04:42 2023, 2
Thu Apr 20 13:04:42 2023, 2
Thu Apr 20 13:04:42 2023, 2
Thu Apr 20 13:04:42 2023, 2
Thu Apr 20 13:04:42 2023, 2
Thu Apr 20 13:04:43 2023, 2
Thu Apr 20 13:04:43 2023, 2
Thu Apr 20 13:04:43 2023, 2
Thu Apr 20 13:04:43 2023, 2
Thu Apr 20 13:04:43 2023, 2
Thu Apr 20 13:04:43 2023, 2
Thu Apr 20 13:04:43 2023, 2
Thu Apr 20 13:04:43 2023, 2
Thu Apr 20 13:04:43 2023, 2
Thu Apr 20 13:04:43 2023, 2
Thu Apr 20 13:04:43 2023, 2
Thu Apr 20 13:04:43 2023, 2
Thu Apr 20 13:04:43 2023, 2
Thu Apr 20 13:04:43 2023, 2
Thu Apr 20 13:04:43 2023, 2
Thu Apr 20 13:04:44 2023, 2
Thu Apr 20 13:04:44 2023, 2
Thu Apr 20 13:04:44 2023, 2
Thu Apr 20 13:04:44 2023, 2
Thu Apr 20 13:04:44 2023, 2
Thu Apr 20 13:04:44 2023, 3
Thu Apr 20 13:04:44 2023, 3
Thu Apr 20 13:04:44 2023, 2
Thu Apr 20 13:04:44 2023, 2
Thu Apr 20 13:04:44 2023, 2
Thu Apr 20 13:04:44 2023, 2
Thu Apr 20 13:04:44 2023, 2
Thu Apr 20 13:04:44 2023, 2
Thu Apr 20 13:04:44 2023, 2
Thu Apr 20 13:04:45 2023, 2
Thu Apr 20 13:04:45 2023, 2
Thu Apr 20 13:04:45 2023, 2
Thu Apr 20 13:04:45 2023, 2
Thu Apr 20 13:04:45 2023, 2
Thu Apr 20 13:04:45 2023, 2
Thu Apr 20 13:04:45 2023, 2
Thu Apr 20 13:04:45 2023, 2
Thu Apr 20 13:04:45 2023, 2
Thu Apr 20 13:04:45 2023, 2
Thu Apr 20 13:04:45 2023, 2
Thu Apr 20 13:04:45 2023, 2
Thu Apr 20 13:04:45 2023, 2
Thu Apr 20 13:04:45 2023, 2
Thu Apr 20 13:04:45 2023, 2
Thu Apr 20 13:04:46 2023, 2
Thu Apr 20 13:04:46 2023, 2
Thu Apr 20 13:04:46 2023, 2
Thu Apr 20 13:04:46 2023, 3
Thu Apr 20 13:04:46 2023, 3
Thu Apr 20 13:04:46 2023, 3
Thu Apr 20 13:04:46 2023, 3
Thu Apr 20 13:04:46 2023, 3
Thu Apr 20 13:04:46 2023, 3
Thu Apr 20 13:04:46 2023, 3
Thu Apr 20 13:04:46 2023, 3
Thu Apr 20 13:04:46 2023, 3
Thu Apr 20 13:04:46 2023, 3
Thu Apr 20 13:04:46 2023, 3
Thu Apr 20 13:04:47 2023, 3
Thu Apr 20 13:04:47 2023, 2
Thu Apr 20 13:04:47 2023, 2
Thu Apr 20 13:04:47 2023, 2
Thu Apr 20 13:04:47 2023, 3
Thu Apr 20 13:04:47 2023, 3
Thu Apr 20 13:04:47 2023, 2
Thu Apr 20 13:04:47 2023, 2
Thu Apr 20 13:04:47 2023, 2
Thu Apr 20 13:04:47 2023, 2
Thu Apr 20 13:04:47 2023, 2
Thu Apr 20 13:04:47 2023, 2
Thu Apr 20 13:04:47 2023, 3
Thu Apr 20 13:04:47 2023, 3
Thu Apr 20 13:04:47 2023, 2
Thu Apr 20 13:04:48 2023, 2
Thu Apr 20 13:04:48 2023, 2
Thu Apr 20 13:04:48 2023, 2
Thu Apr 20 13:04:48 2023, 2
Thu Apr 20 13:04:48 2023, 2
Thu Apr 20 13:04:48 2023, 2
Thu Apr 20 13:04:48 2023, 3
Thu Apr 20 13:04:48 2023, 3
Thu Apr 20 13:04:48 2023, 3
Thu Apr 20 13:04:48 2023, 3
Thu Apr 20 13:04:48 2023, 3
Thu Apr 20 13:04:48 2023, 3
Thu Apr 20 13:04:48 2023, 3
Thu Apr 20 13:04:48 2023, 3
Thu Apr 20 13:04:48 2023, 3
Thu Apr 20 13:04:49 2023, 3
Thu Apr 20 13:04:49 2023, 3
Thu Apr 20 13:04:49 2023, 3
Thu Apr 20 13:04:49 2023, 3
Thu Apr 20 13:04:49 2023, 3
Thu Apr 20 13:04:49 2023, 3
Thu Apr 20 13:04:49 2023, 3
Thu Apr 20 13:04:49 2023, 3
Thu Apr 20 13:04:49 2023, 3
Thu Apr 20 13:04:49 2023, 3
Thu Apr 20 13:04:49 2023, 3
Thu Apr 20 13:04:49 2023, 3
Thu Apr 20 13:04:49 2023, 3
Thu Apr 20 13:04:49 2023, 3
Thu Apr 20 13:04:50 2023, 4
Thu Apr 20 13:04:50 2023, 2
Thu Apr 20 13:04:50 2023, 2
Thu Apr 20 13:04:50 2023, 2
Thu Apr 20 13:04:50 2023, 2
Thu Apr 20 13:04:50 2023, 2
Thu Apr 20 13:04:50 2023, 2
Thu Apr 20 13:04:50 2023, 2
Thu Apr 20 13:04:50 2023, 2
Thu Apr 20 13:04:50 2023, 2
Thu Apr 20 13:04:50 2023, 2
Thu Apr 20 13:04:50 2023, 3
Thu Apr 20 13:04:50 2023, 3
Thu Apr 20 13:04:50 2023, 3
Thu Apr 20 13:04:51 2023, 3
Thu Apr 20 13:04:51 2023, 3
Thu Apr 20 13:04:51 2023, 3
Thu Apr 20 13:04:51 2023, 3
Thu Apr 20 13:04:51 2023, 3
Thu Apr 20 13:04:51 2023, 3
Thu Apr 20 13:04:51 2023, 3
Thu Apr 20 13:04:51 2023, 4
Thu Apr 20 13:04:51 2023, 3
Thu Apr 20 13:04:51 2023, 3
Thu Apr 20 13:04:51 2023, 3
Thu Apr 20 13:04:51 2023, 3
Thu Apr 20 13:04:51 2023, 3
Thu Apr 20 13:04:51 2023, 3
Thu Apr 20 13:04:51 2023, 4
Thu Apr 20 13:04:52 2023, 4
Thu Apr 20 13:04:52 2023, 3
Thu Apr 20 13:04:52 2023, 3
Thu Apr 20 13:04:52 2023, 3
Thu Apr 20 13:04:52 2023, 3
Thu Apr 20 13:04:52 2023, 3
Thu Apr 20 13:04:52 2023, 3
Thu Apr 20 13:04:52 2023, 3
Thu Apr 20 13:04:52 2023, 3
Thu Apr 20 13:04:52 2023, 3
Thu Apr 20 13:04:52 2023, 3
Thu Apr 20 13:04:52 2023, 3
Thu Apr 20 13:04:52 2023, 3
Thu Apr 20 13:04:52 2023, 3
Thu Apr 20 13:04:52 2023, 3
Thu Apr 20 13:04:53 2023, 3
Thu Apr 20 13:04:53 2023, 3
Thu Apr 20 13:04:53 2023, 3
Thu Apr 20 13:04:53 2023, 3
Thu Apr 20 13:04:53 2023, 3
Thu Apr 20 13:04:53 2023, 3
Thu Apr 20 13:04:53 2023, 3
Thu Apr 20 13:04:53 2023, 3
Thu Apr 20 13:04:53 2023, 3
Thu Apr 20 13:04:53 2023, 3
Thu Apr 20 13:04:53 2023, 3
Thu Apr 20 13:04:53 2023, 3
Thu Apr 20 13:04:53 2023, 3
Thu Apr 20 13:04:53 2023, 3
Thu Apr 20 13:04:53 2023, 3
Thu Apr 20 13:04:54 2023, 3
Thu Apr 20 13:04:54 2023, 3
Thu Apr 20 13:04:54 2023, 3
Thu Apr 20 13:04:54 2023, 3
Thu Apr 20 13:04:54 2023, 3
Thu Apr 20 13:04:54 2023, 3
Thu Apr 20 13:04:54 2023, 3
Thu Apr 20 13:04:54 2023, 3
Thu Apr 20 13:04:54 2023, 3
Thu Apr 20 13:04:54 2023, 3
Thu Apr 20 13:04:54 2023, 3
Thu Apr 20 13:04:54 2023, 3
Thu Apr 20 13:04:54 2023, 3
Thu Apr 20 13:04:54 2023, 3
Thu Apr 20 13:04:54 2023, 3
Thu Apr 20 13:04:55 2023, 3
Thu Apr 20 13:04:55 2023, 3
Thu Apr 20 13:04:55 2023, 3
Thu Apr 20 13:04:55 2023, 3
Thu Apr 20 13:04:55 2023, 3
Thu Apr 20 13:04:55 2023, 3
Thu Apr 20 13:04:55 2023, 3
Thu Apr 20 13:04:55 2023, 3
Thu Apr 20 13:04:55 2023, 3
Thu Apr 20 13:04:55 2023, 3
Thu Apr 20 13:04:55 2023, 3
Thu Apr 20 13:04:55 2023, 3
Thu Apr 20 13:04:55 2023, 3
Thu Apr 20 13:04:55 2023, 3
Thu Apr 20 13:04:56 2023, 3
Thu Apr 20 13:04:56 2023, 3
Thu Apr 20 13:04:56 2023, 3
Thu Apr 20 13:04:56 2023, 3
Thu Apr 20 13:04:56 2023, 3
Thu Apr 20 13:04:56 2023, 3
Thu Apr 20 13:04:56 2023, 3
Thu Apr 20 13:04:56 2023, 3
Thu Apr 20 13:04:56 2023, 3
Thu Apr 20 13:04:56 2023, 3
Thu Apr 20 13:04:56 2023, 3
Thu Apr 20 13:04:56 2023, 3
Thu Apr 20 13:04:56 2023, 3
Thu Apr 20 13:04:56 2023, 3
Thu Apr 20 13:04:56 2023, 3
Thu Apr 20 13:04:57 2023, 3
Thu Apr 20 13:04:57 2023, 3
Thu Apr 20 13:04:57 2023, 3
Thu Apr 20 13:04:57 2023, 3
Thu Apr 20 13:04:57 2023, 3
Thu Apr 20 13:04:57 2023, 3
Thu Apr 20 13:04:57 2023, 3
Thu Apr 20 13:04:57 2023, 3
Thu Apr 20 13:04:57 2023, 3
Thu Apr 20 13:04:57 2023, 3
Thu Apr 20 13:04:57 2023, 3
Thu Apr 20 13:04:57 2023, 3
Thu Apr 20 13:04:57 2023, 3
Thu Apr 20 13:04:57 2023, 3
Thu Apr 20 13:04:58 2023, 3
Thu Apr 20 13:04:58 2023, 3
Thu Apr 20 13:04:58 2023, 3
Thu Apr 20 13:04:58 2023, 3
Thu Apr 20 13:04:58 2023, 3
Thu Apr 20 13:04:58 2023, 3
Thu Apr 20 13:04:58 2023, 3
Thu Apr 20 13:04:58 2023, 3
Thu Apr 20 13:04:58 2023, 3
Thu Apr 20 13:04:58 2023, 3
Thu Apr 20 13:04:58 2023, 3
Thu Apr 20 13:04:58 2023, 3
Thu Apr 20 13:04:58 2023, 3
Thu Apr 20 13:04:58 2023, 3
Thu Apr 20 13:04:58 2023, 3
Thu Apr 20 13:04:59 2023, 3
Thu Apr 20 13:04:59 2023, 3
Thu Apr 20 13:04:59 2023, 3
Thu Apr 20 13:04:59 2023, 3
Thu Apr 20 13:04:59 2023, 3
Thu Apr 20 13:04:59 2023, 3
Thu Apr 20 13:04:59 2023, 4
Thu Apr 20 13:04:59 2023, 3
Thu Apr 20 13:04:59 2023, 3
Thu Apr 20 13:04:59 2023, 3
Thu Apr 20 13:04:59 2023, 3
Thu Apr 20 13:04:59 2023, 3
Thu Apr 20 13:04:59 2023, 3
Thu Apr 20 13:04:59 2023, 3
Thu Apr 20 13:04:59 2023, 3
Thu Apr 20 13:05:00 2023, 3
Thu Apr 20 13:05:00 2023, 3
Thu Apr 20 13:05:00 2023, 3
Thu Apr 20 13:05:00 2023, 3
Thu Apr 20 13:05:00 2023, 3
Thu Apr 20 13:05:00 2023, 3
Thu Apr 20 13:05:00 2023, 3
Thu Apr 20 13:05:00 2023, 3
Thu Apr 20 13:05:00 2023, 3
Thu Apr 20 13:05:00 2023, 3
Thu Apr 20 13:05:00 2023, 3
Thu Apr 20 13:05:00 2023, 3
Thu Apr 20 13:05:00 2023, 4
Thu Apr 20 13:05:00 2023, 3
Thu Apr 20 13:05:01 2023, 3
Thu Apr 20 13:05:01 2023, 3
Thu Apr 20 13:05:01 2023, 3
Thu Apr 20 13:05:01 2023, 3
Thu Apr 20 13:05:01 2023, 3
Thu Apr 20 13:05:01 2023, 3
Thu Apr 20 13:05:01 2023, 3
Thu Apr 20 13:05:01 2023, 3
Thu Apr 20 13:05:01 2023, 3
Thu Apr 20 13:05:01 2023, 3
Thu Apr 20 13:05:01 2023, 3
Thu Apr 20 13:05:01 2023, 3
Thu Apr 20 13:05:01 2023, 3
Thu Apr 20 13:05:01 2023, 3
Thu Apr 20 13:05:01 2023, 3
Thu Apr 20 13:05:02 2023, 3
Thu Apr 20 13:05:02 2023, 3
Thu Apr 20 13:05:02 2023, 3
Thu Apr 20 13:05:02 2023, 4
Thu Apr 20 13:05:02 2023, 4
Thu Apr 20 13:05:02 2023, 4
Thu Apr 20 13:05:02 2023, 4
Thu Apr 20 13:05:02 2023, 4
Thu Apr 20 13:05:02 2023, 4
Thu Apr 20 13:05:02 2023, 4
Thu Apr 20 13:05:02 2023, 4
Thu Apr 20 13:05:02 2023, 4
Thu Apr 20 13:05:02 2023, 4
Thu Apr 20 13:05:03 2023, 4
Thu Apr 20 13:05:03 2023, 4
Thu Apr 20 13:05:03 2023, 4
Thu Apr 20 13:05:03 2023, 4
Thu Apr 20 13:05:03 2023, 4
Thu Apr 20 13:05:03 2023, 4
Thu Apr 20 13:05:03 2023, 5
Thu Apr 20 13:05:03 2023, 4
Thu Apr 20 13:05:03 2023, 4
Thu Apr 20 13:05:03 2023, 5
Thu Apr 20 13:05:03 2023, 4
Thu Apr 20 13:05:03 2023, 4
Thu Apr 20 13:05:03 2023, 4
Thu Apr 20 13:05:03 2023, 4
Thu Apr 20 13:05:03 2023, 4
Thu Apr 20 13:05:04 2023, 4
Thu Apr 20 13:05:04 2023, 5
Thu Apr 20 13:05:04 2023, 5
Thu Apr 20 13:05:04 2023, 5
Thu Apr 20 13:05:04 2023, 5
Thu Apr 20 13:05:04 2023, 4
Thu Apr 20 13:05:04 2023, 4
Thu Apr 20 13:05:04 2023, 4
Thu Apr 20 13:05:04 2023, 4
Thu Apr 20 13:05:04 2023, 4
Thu Apr 20 13:05:04 2023, 4
Thu Apr 20 13:05:04 2023, 4
Thu Apr 20 13:05:04 2023, 4
Thu Apr 20 13:05:04 2023, 4
Thu Apr 20 13:05:04 2023, 4
Thu Apr 20 13:05:05 2023, 4
Thu Apr 20 13:05:05 2023, 4
Thu Apr 20 13:05:05 2023, 4
Thu Apr 20 13:05:05 2023, 4
Thu Apr 20 13:05:05 2023, 4
Thu Apr 20 13:05:05 2023, 4
Thu Apr 20 13:05:05 2023, 4
Thu Apr 20 13:05:05 2023, 4
Thu Apr 20 13:05:05 2023, 4
Thu Apr 20 13:05:05 2023, 4
Thu Apr 20 13:05:05 2023, 4
Thu Apr 20 13:05:05 2023, 4
Thu Apr 20 13:05:05 2023, 4
Thu Apr 20 13:05:05 2023, 4
Thu Apr 20 13:05:05 2023, 4
Thu Apr 20 13:05:06 2023, 4
Thu Apr 20 13:05:06 2023, 4
Thu Apr 20 13:05:06 2023, 4
Thu Apr 20 13:05:06 2023, 4
Thu Apr 20 13:05:06 2023, 4
Thu Apr 20 13:05:06 2023, 4
Thu Apr 20 13:05:06 2023, 4
Thu Apr 20 13:05:06 2023, 4
Thu Apr 20 13:05:06 2023, 4
Thu Apr 20 13:05:06 2023, 4
Thu Apr 20 13:05:06 2023, 4
Thu Apr 20 13:05:06 2023, 4
Thu Apr 20 13:05:06 2023, 4
Thu Apr 20 13:05:06 2023, 4
Thu Apr 20 13:05:07 2023, 4
Thu Apr 20 13:05:07 2023, 4
Thu Apr 20 13:05:07 2023, 4
Thu Apr 20 13:05:07 2023, 4
Thu Apr 20 13:05:07 2023, 4
Thu Apr 20 13:05:07 2023, 4
Thu Apr 20 13:05:07 2023, 4
Thu Apr 20 13:05:07 2023, 4
Thu Apr 20 13:05:07 2023, 4
Thu Apr 20 13:05:07 2023, 4
Thu Apr 20 13:05:07 2023, 4
Thu Apr 20 13:05:07 2023, 5
Thu Apr 20 13:05:07 2023, 4
Thu Apr 20 13:05:07 2023, 5
Thu Apr 20 13:05:07 2023, 4
Thu Apr 20 13:05:08 2023, 4
Thu Apr 20 13:05:08 2023, 4
Thu Apr 20 13:05:08 2023, 4
Thu Apr 20 13:05:08 2023, 4
Thu Apr 20 13:05:08 2023, 4
Thu Apr 20 13:05:08 2023, 4
Thu Apr 20 13:05:08 2023, 4
Thu Apr 20 13:05:08 2023, 4
Thu Apr 20 13:05:08 2023, 4
Thu Apr 20 13:05:08 2023, 4
Thu Apr 20 13:05:08 2023, 4
Thu Apr 20 13:05:08 2023, 4
Thu Apr 20 13:05:08 2023, 4
Thu Apr 20 13:05:08 2023, 4
Thu Apr 20 13:05:09 2023, 4
Thu Apr 20 13:05:09 2023, 5
Thu Apr 20 13:05:09 2023, 4
Thu Apr 20 13:05:09 2023, 4
Thu Apr 20 13:05:09 2023, 4
Thu Apr 20 13:05:09 2023, 4
Thu Apr 20 13:05:09 2023, 4
Thu Apr 20 13:05:09 2023, 4
Thu Apr 20 13:05:09 2023, 4
Thu Apr 20 13:05:09 2023, 4
Thu Apr 20 13:05:09 2023, 4
Thu Apr 20 13:05:09 2023, 4
Thu Apr 20 13:05:09 2023, 4
Thu Apr 20 13:05:09 2023, 4
Thu Apr 20 13:05:09 2023, 4
Thu Apr 20 13:05:10 2023, 4
Thu Apr 20 13:05:10 2023, 4
Thu Apr 20 13:05:10 2023, 4
Thu Apr 20 13:05:10 2023, 4
Thu Apr 20 13:05:10 2023, 4
Thu Apr 20 13:05:10 2023, 4
Thu Apr 20 13:05:10 2023, 4
Thu Apr 20 13:05:10 2023, 4
Thu Apr 20 13:05:10 2023, 4
Thu Apr 20 13:05:10 2023, 5
Thu Apr 20 13:05:10 2023, 5
Thu Apr 20 13:05:10 2023, 5
Thu Apr 20 13:05:10 2023, 5
Thu Apr 20 13:05:10 2023, 5
Thu Apr 20 13:05:11 2023, 4
Thu Apr 20 13:05:11 2023, 4
Thu Apr 20 13:05:11 2023, 4
Thu Apr 20 13:05:11 2023, 4
Thu Apr 20 13:05:11 2023, 4
Thu Apr 20 13:05:11 2023, 4
Thu Apr 20 13:05:11 2023, 4
Thu Apr 20 13:05:11 2023, 4
Thu Apr 20 13:05:11 2023, 4
Thu Apr 20 13:05:11 2023, 4
Thu Apr 20 13:05:11 2023, 4
Thu Apr 20 13:05:11 2023, 4
Thu Apr 20 13:05:11 2023, 4
Thu Apr 20 13:05:11 2023, 4
Thu Apr 20 13:05:11 2023, 4
Thu Apr 20 13:05:12 2023, 4
Thu Apr 20 13:05:12 2023, 4
Thu Apr 20 13:05:12 2023, 4
Thu Apr 20 13:05:12 2023, 4
Thu Apr 20 13:05:12 2023, 4
Thu Apr 20 13:05:12 2023, 4
Thu Apr 20 13:05:12 2023, 4
Thu Apr 20 13:05:12 2023, 4
Thu Apr 20 13:05:12 2023, 4
Thu Apr 20 13:05:12 2023, 4
Thu Apr 20 13:05:12 2023, 4
Thu Apr 20 13:05:12 2023, 4
Thu Apr 20 13:05:12 2023, 4
Thu Apr 20 13:05:12 2023, 4
Thu Apr 20 13:05:12 2023, 4
Thu Apr 20 13:05:13 2023, 4
Thu Apr 20 13:05:13 2023, 4
Thu Apr 20 13:05:13 2023, 4
Thu Apr 20 13:05:13 2023, 4
Thu Apr 20 13:05:13 2023, 4
Thu Apr 20 13:05:13 2023, 4
Thu Apr 20 13:05:13 2023, 4
Thu Apr 20 13:05:13 2023, 4
Thu Apr 20 13:05:13 2023, 4
Thu Apr 20 13:05:13 2023, 4
Thu Apr 20 13:05:13 2023, 4
Thu Apr 20 13:05:13 2023, 4
Thu Apr 20 13:05:13 2023, 4
Thu Apr 20 13:05:13 2023, 4
Thu Apr 20 13:05:13 2023, 4
Thu Apr 20 13:05:14 2023, 4
Thu Apr 20 13:05:14 2023, 4
Thu Apr 20 13:05:14 2023, 4
Thu Apr 20 13:05:14 2023, 4
Thu Apr 20 13:05:14 2023, 4
Thu Apr 20 13:05:14 2023, 4
Thu Apr 20 13:05:14 2023, 4
Thu Apr 20 13:05:14 2023, 4
Thu Apr 20 13:05:14 2023, 4
Thu Apr 20 13:05:14 2023, 4
Thu Apr 20 13:05:14 2023, 4
Thu Apr 20 13:05:14 2023, 4
Thu Apr 20 13:05:14 2023, 4
Thu Apr 20 13:05:14 2023, 4
Thu Apr 20 13:05:15 2023, 4
Thu Apr 20 13:05:15 2023, 4
Thu Apr 20 13:05:15 2023, 4
Thu Apr 20 13:05:15 2023, 4
Thu Apr 20 13:05:15 2023, 4
Thu Apr 20 13:05:15 2023, 4
Thu Apr 20 13:05:15 2023, 4
Thu Apr 20 13:05:15 2023, 4
Thu Apr 20 13:05:15 2023, 4
Thu Apr 20 13:05:15 2023, 4
Thu Apr 20 13:05:15 2023, 4
Thu Apr 20 13:05:15 2023, 4
Thu Apr 20 13:05:15 2023, 4
Thu Apr 20 13:05:15 2023, 4
Thu Apr 20 13:05:15 2023, 4
Thu Apr 20 13:05:16 2023, 4
Thu Apr 20 13:05:16 2023, 4
Thu Apr 20 13:05:16 2023, 4
Thu Apr 20 13:05:16 2023, 4
Thu Apr 20 13:05:16 2023, 4
Thu Apr 20 13:05:16 2023, 4
Thu Apr 20 13:05:16 2023, 4
Thu Apr 20 13:05:16 2023, 4
Thu Apr 20 13:05:16 2023, 4
Thu Apr 20 13:05:16 2023, 4
Thu Apr 20 13:05:16 2023, 4
Thu Apr 20 13:05:16 2023, 4
Thu Apr 20 13:05:16 2023, 4
Thu Apr 20 13:05:16 2023, 4
Thu Apr 20 13:05:17 2023, 4
Thu Apr 20 13:05:17 2023, 4
Thu Apr 20 13:05:17 2023, 4
Thu Apr 20 13:05:17 2023, 4
Thu Apr 20 13:05:17 2023, 4
Thu Apr 20 13:05:17 2023, 4
Thu Apr 20 13:05:17 2023, 4
Thu Apr 20 13:05:17 2023, 4
Thu Apr 20 13:05:17 2023, 4
Thu Apr 20 13:05:17 2023, 4
Thu Apr 20 13:05:17 2023, 4
Thu Apr 20 13:05:17 2023, 4
Thu Apr 20 13:05:17 2023, 4
Thu Apr 20 13:05:17 2023, 4
Thu Apr 20 13:05:17 2023, 5
Thu Apr 20 13:05:18 2023, 5
Thu Apr 20 13:05:18 2023, 4
Thu Apr 20 13:05:18 2023, 5
Thu Apr 20 13:05:18 2023, 5
Thu Apr 20 13:05:18 2023, 5
Thu Apr 20 13:05:18 2023, 5
Thu Apr 20 13:05:18 2023, 5
Thu Apr 20 13:05:18 2023, 5
Thu Apr 20 13:05:18 2023, 5
Thu Apr 20 13:05:18 2023, 5
Thu Apr 20 13:05:18 2023, 4
Thu Apr 20 13:05:18 2023, 5
Thu Apr 20 13:05:18 2023, 4
Thu Apr 20 13:05:18 2023, 4
Thu Apr 20 13:05:19 2023, 4
Thu Apr 20 13:05:19 2023, 5
Thu Apr 20 13:05:19 2023, 5
Thu Apr 20 13:05:19 2023, 5
Thu Apr 20 13:05:19 2023, 5
Thu Apr 20 13:05:19 2023, 5
Thu Apr 20 13:05:19 2023, 5
Thu Apr 20 13:05:19 2023, 5
Thu Apr 20 13:05:19 2023, 5
Thu Apr 20 13:05:19 2023, 4
Thu Apr 20 13:05:19 2023, 4
Thu Apr 20 13:05:19 2023, 4
Thu Apr 20 13:05:19 2023, 4
Thu Apr 20 13:05:19 2023, 4
Thu Apr 20 13:05:19 2023, 4
Thu Apr 20 13:05:20 2023, 4
Thu Apr 20 13:05:20 2023, 4
Thu Apr 20 13:05:20 2023, 4
Thu Apr 20 13:05:20 2023, 4
Thu Apr 20 13:05:20 2023, 4
Thu Apr 20 13:05:20 2023, 4
Thu Apr 20 13:05:20 2023, 4
Thu Apr 20 13:05:20 2023, 4
Thu Apr 20 13:05:20 2023, 4
Thu Apr 20 13:05:20 2023, 4
Thu Apr 20 13:05:20 2023, 4
Thu Apr 20 13:05:20 2023, 4
Thu Apr 20 13:05:20 2023, 4
Thu Apr 20 13:05:20 2023, 3
Thu Apr 20 13:05:20 2023, 4
Thu Apr 20 13:05:21 2023, 4
Thu Apr 20 13:05:21 2023, 4
Thu Apr 20 13:05:21 2023, 4
Thu Apr 20 13:05:21 2023, 4
Thu Apr 20 13:05:21 2023, 4
Thu Apr 20 13:05:21 2023, 4
Thu Apr 20 13:05:21 2023, 4
Thu Apr 20 13:05:21 2023, 3
Thu Apr 20 13:05:21 2023, 3
Thu Apr 20 13:05:21 2023, 3
Thu Apr 20 13:05:21 2023, 4
Thu Apr 20 13:05:21 2023, 3
Thu Apr 20 13:05:21 2023, 3
Thu Apr 20 13:05:21 2023, 4
Thu Apr 20 13:05:21 2023, 4
Thu Apr 20 13:05:22 2023, 4
Thu Apr 20 13:05:22 2023, 4
Thu Apr 20 13:05:22 2023, 4
Thu Apr 20 13:05:22 2023, 4
Thu Apr 20 13:05:22 2023, 4
Thu Apr 20 13:05:22 2023, 4
Thu Apr 20 13:05:22 2023, 4
Thu Apr 20 13:05:22 2023, 4
Thu Apr 20 13:05:22 2023, 4
Thu Apr 20 13:05:22 2023, 4
Thu Apr 20 13:05:22 2023, 4
Thu Apr 20 13:05:22 2023, 4
Thu Apr 20 13:05:22 2023, 4
Thu Apr 20 13:05:22 2023, 4
Thu Apr 20 13:05:22 2023, 4
Thu Apr 20 13:05:23 2023, 4
Thu Apr 20 13:05:23 2023, 4
Thu Apr 20 13:05:23 2023, 4
Thu Apr 20 13:05:23 2023, 4
Thu Apr 20 13:05:23 2023, 4
Thu Apr 20 13:05:23 2023, 4
Thu Apr 20 13:05:23 2023, 4
Thu Apr 20 13:05:23 2023, 4
Thu Apr 20 13:05:23 2023, 4
Thu Apr 20 13:05:23 2023, 4
Thu Apr 20 13:05:23 2023, 4
Thu Apr 20 13:05:23 2023, 4
Thu Apr 20 13:05:23 2023, 4
Thu Apr 20 13:05:23 2023, 4
Thu Apr 20 13:05:23 2023, 3
Thu Apr 20 13:05:24 2023, 4
Thu Apr 20 13:05:24 2023, 4
Thu Apr 20 13:05:24 2023, 4
Thu Apr 20 13:05:24 2023, 4
Thu Apr 20 13:05:24 2023, 4
Thu Apr 20 13:05:24 2023, 4
Thu Apr 20 13:05:24 2023, 3
Thu Apr 20 13:05:24 2023, 3
Thu Apr 20 13:05:24 2023, 4
Thu Apr 20 13:05:24 2023, 5
Thu Apr 20 13:05:24 2023, 4
Thu Apr 20 13:05:24 2023, 4
Thu Apr 20 13:05:24 2023, 4
Thu Apr 20 13:05:25 2023, 3
Thu Apr 20 13:05:25 2023, 4
Thu Apr 20 13:05:25 2023, 3
Thu Apr 20 13:05:25 2023, 4
Thu Apr 20 13:05:25 2023, 5
Thu Apr 20 13:05:25 2023, 5
Thu Apr 20 13:05:25 2023, 4
Thu Apr 20 13:05:25 2023, 4
Thu Apr 20 13:05:25 2023, 5
Thu Apr 20 13:05:25 2023, 5
Thu Apr 20 13:05:25 2023, 5
Thu Apr 20 13:05:25 2023, 5
Thu Apr 20 13:05:25 2023, 5
Thu Apr 20 13:05:25 2023, 4
Thu Apr 20 13:05:26 2023, 4
Thu Apr 20 13:05:26 2023, 5
Thu Apr 20 13:05:26 2023, 4
Thu Apr 20 13:05:26 2023, 4
Thu Apr 20 13:05:26 2023, 5
Thu Apr 20 13:05:26 2023, 4
Thu Apr 20 13:05:26 2023, 4
Thu Apr 20 13:05:26 2023, 4
Thu Apr 20 13:05:26 2023, 5
Thu Apr 20 13:05:26 2023, 4
Thu Apr 20 13:05:26 2023, 4
Thu Apr 20 13:05:26 2023, 3
Thu Apr 20 13:05:26 2023, 4
Thu Apr 20 13:05:26 2023, 4
Thu Apr 20 13:05:27 2023, 3
Thu Apr 20 13:05:27 2023, 3
Thu Apr 20 13:05:27 2023, 4
Thu Apr 20 13:05:27 2023, 3
Thu Apr 20 13:05:27 2023, 3
Thu Apr 20 13:05:27 2023, 3
Thu Apr 20 13:05:27 2023, 3
Thu Apr 20 13:05:27 2023, 3
Thu Apr 20 13:05:27 2023, 4
Thu Apr 20 13:05:27 2023, 4
Thu Apr 20 13:05:27 2023, 4
Thu Apr 20 13:05:27 2023, 4
Thu Apr 20 13:05:27 2023, 4
Thu Apr 20 13:05:27 2023, 4
Thu Apr 20 13:05:27 2023, 6
Thu Apr 20 13:05:28 2023, 6
Thu Apr 20 13:05:28 2023, 4
Thu Apr 20 13:05:28 2023, 1
Thu Apr 20 13:05:28 2023, 0
Thu Apr 20 13:05:28 2023, 0
Thu Apr 20 13:05:28 2023, 1
Thu Apr 20 13:05:28 2023, 0
Thu Apr 20 13:05:28 2023, 0
Thu Apr 20 13:05:28 2023, 0
Thu Apr 20 13:05:28 2023, 0
Thu Apr 20 13:05:28 2023, 0
Thu Apr 20 13:05:28 2023, 0
Thu Apr 20 13:05:28 2023, 0
Thu Apr 20 13:05:28 2023, 0
Thu Apr 20 13:05:28 2023, 0
Thu Apr 20 13:05:28 2023, 0
Thu Apr 20 13:05:29 2023, 0
Thu Apr 20 13:05:29 2023, 0
Thu Apr 20 13:05:29 2023, 0
Thu Apr 20 13:05:29 2023, 0
Thu Apr 20 13:05:29 2023, 0
Thu Apr 20 13:05:29 2023, 0
Thu Apr 20 13:05:29 2023, 0
Thu Apr 20 13:05:29 2023, 0
Thu Apr 20 13:05:29 2023, 0
Thu Apr 20 13:05:29 2023, 0
Thu Apr 20 13:05:29 2023, 0
Thu Apr 20 13:05:29 2023, 0
Thu Apr 20 13:05:29 2023, 0
Thu Apr 20 13:05:29 2023, 0
Thu Apr 20 13:05:29 2023, 0
Thu Apr 20 13:05:30 2023, 0
Thu Apr 20 13:05:30 2023, 0
Thu Apr 20 13:05:30 2023, 0
Thu Apr 20 13:05:30 2023, 0
Thu Apr 20 13:05:30 2023, 0
Thu Apr 20 13:05:30 2023, 0
Thu Apr 20 13:05:30 2023, 0
Thu Apr 20 13:05:30 2023, 0
Thu Apr 20 13:05:30 2023, 0
Thu Apr 20 13:05:30 2023, 0
Thu Apr 20 13:05:30 2023, 0
Thu Apr 20 13:05:30 2023, 0
Thu Apr 20 13:05:30 2023, 0
Thu Apr 20 13:05:30 2023, 0
Thu Apr 20 13:05:30 2023, 0
Thu Apr 20 13:05:30 2023, 0
Thu Apr 20 13:05:31 2023, 0
Thu Apr 20 13:05:31 2023, 0
Thu Apr 20 13:05:31 2023, 0
Thu Apr 20 13:05:31 2023, 0
Thu Apr 20 13:05:31 2023, 0
Thu Apr 20 13:05:31 2023, 0
Thu Apr 20 13:05:31 2023, 0
Thu Apr 20 13:05:31 2023, 0
Thu Apr 20 13:05:31 2023, 0
Thu Apr 20 13:05:31 2023, 0
Thu Apr 20 13:05:31 2023, 0
Thu Apr 20 13:05:31 2023, 0
Thu Apr 20 13:05:31 2023, 0
Thu Apr 20 13:05:31 2023, 0
Thu Apr 20 13:05:32 2023, 0
Thu Apr 20 13:05:32 2023, 0
Thu Apr 20 13:05:32 2023, 0
Thu Apr 20 13:05:32 2023, 0
Thu Apr 20 13:05:32 2023, 0
Thu Apr 20 13:05:32 2023, 0
Thu Apr 20 13:05:32 2023, 0
Thu Apr 20 13:05:32 2023, 0
Thu Apr 20 13:05:32 2023, 0
Thu Apr 20 13:05:32 2023, 0
Thu Apr 20 13:05:32 2023, 0
Thu Apr 20 13:05:32 2023, 0
Thu Apr 20 13:05:32 2023, 0
Thu Apr 20 13:05:32 2023, 0
Thu Apr 20 13:05:32 2023, 0
Thu Apr 20 13:05:32 2023, 0
Thu Apr 20 13:05:33 2023, 0
Thu Apr 20 13:05:33 2023, 0
Thu Apr 20 13:05:33 2023, 0
Thu Apr 20 13:05:33 2023, 0
Thu Apr 20 13:05:33 2023, 0
Thu Apr 20 13:05:33 2023, 0
Thu Apr 20 13:05:33 2023, 0
Thu Apr 20 13:05:33 2023, 0
Thu Apr 20 13:05:33 2023, 0
Thu Apr 20 13:05:33 2023, 0
Thu Apr 20 13:05:33 2023, 0
Thu Apr 20 13:05:33 2023, 0
Thu Apr 20 13:05:33 2023, 0
Thu Apr 20 13:05:33 2023, 0
Thu Apr 20 13:05:33 2023, 0
Thu Apr 20 13:05:34 2023, 0
Thu Apr 20 13:05:34 2023, 0
Thu Apr 20 13:05:34 2023, 0
Thu Apr 20 13:05:34 2023, 0
Thu Apr 20 13:05:34 2023, 0
Thu Apr 20 13:05:34 2023, 0
Thu Apr 20 13:05:34 2023, 0
Thu Apr 20 13:05:34 2023, 0
Thu Apr 20 13:05:34 2023, 0
Thu Apr 20 13:05:34 2023, 0
Thu Apr 20 13:05:34 2023, 0
Thu Apr 20 13:05:34 2023, 0
Thu Apr 20 13:05:34 2023, 0
Thu Apr 20 13:05:34 2023, 0
Thu Apr 20 13:05:34 2023, 0
Thu Apr 20 13:05:35 2023, 0
Thu Apr 20 13:05:35 2023, 0
Thu Apr 20 13:05:35 2023, 0
Thu Apr 20 13:05:35 2023, 0
Thu Apr 20 13:05:35 2023, 0
Thu Apr 20 13:05:35 2023, 0
Thu Apr 20 13:05:35 2023, 0
Thu Apr 20 13:05:35 2023, 0
Thu Apr 20 13:05:35 2023, 0
Thu Apr 20 13:05:35 2023, 0
